STATION,STATION_NAME,DATE,DLY-TAVG-NORMAL,DLY-DUTR-NORMAL,DLY-TMAX-NORMAL,DLY-TMIN-NORMAL,DLY-TAVG-STDDEV,DLY-DUTR-STDDEV,DLY-TMAX-STDDEV,DLY-TMIN-STDDEV
GHCND:USW00024233,SEATTLE TACOMA INTERNATIONAL AIRPORT WA US,20100101,40.8,9.6,45.6,36.0,6.1,3.8,6.1,6.6
GHCND:USW00024233,SEATTLE TACOMA INTERNATIONAL AIRPORT WA US,20100102,40.9,9.6,45.7,36.1,6.1,3.8,6.1,6.6
GHCND:USW00024233,SEATTLE TACOMA INTERNATIONAL AIRPORT WA US,20100103,41.0,9.6,45.8,36.2,6.0,3.9,6.1,6.6
GHCND:USW00024233,SEATTLE TACOMA INTERNATIONAL AIRPORT WA US,20100104,41.1,9.6,45.9,36.3,6.0,3.9,6.0,6.6
GHCND:USW00024233,SEATTLE TACOMA INTERNATIONAL AIRPORT WA US,20100105,41.2,9.6,46.0,36.4,6.0,3.9,6.0,6.5
GHCND:USW00024233,SEATTLE TACOMA INTERNATIONAL AIRPORT WA US,20100106,41.3,9.6,46.1,36.5,5.9,3.9,6.0,6.5
GHCND:USW00024233,SEATTLE TACOMA INTERNATIONAL AIRPORT WA US,20100107,41.4,9.6,46.2,36.6,5.9,3.9,5.9,6.5
GHCND:USW00024233,SEATTLE TACOMA INTERNATIONAL AIRPORT WA US,20100108,41.5,9.7,46.3,36.6,5.9,4.0,5.9,6.5
GHCND:USW00024233,SEATTLE TACOMA INTERNATIONAL AIRPORT WA US,20100109,41.6,9.7,46.4,36.7,5.8,4.0,5.9,6.4
GHCND:USW00024233,SEATTLE TACOMA INTERNATIONAL AIRPORT WA US,20100110,41.7,9.7,46.5,36.8,5.8,4.0,5.9,6.4
GHCND:USW00024233,SEATTLE TACOMA INTERNATIONAL AIRPORT WA US,20100111,41.8,9.8,46.7,36.9,5.8,4.0,5.8,6.4
GHCND:USW00024233,SEATTLE TACOMA INTERNATIONAL AIRPORT WA US,20100112,41.9,9.8,46.8,36.9,5.8,4.0,5.8,6.4
GHCND:USW00024233,SEATTLE TACOMA INTERNATIONAL AIRPORT WA US,20100113,42.0,9.9,46.9,37.0,5.8,4.1,5.8,6.4
GHCND:USW00024233,SEATTLE TACOMA INTERNATIONAL AIRPORT WA US,20100114,42.0,10.0,47.0,37.1,5.8,4.1,5.8,6.4
GHCND:USW00024233,SEATTLE TACOMA INTERNATIONAL AIRPORT WA US,20100115,42.1,10.0,47.1,37.1,5.8,4.1,5.9,6.4
GHCND:USW00024233,SEATTLE TACOMA INTERNATIONAL AIRPORT WA US,20100116,42.2,10.1,47.3,37.1,5.8,4.2,5.9,6.4
GHCND:USW00024233,SEATTLE TACOMA INTERNATIONAL AIRPORT WA US,20100117,42.3,10.2,47.4,37.2,5.8,4.2,5.9,6.4
GHCND:USW00024233,SEATTLE TACOMA INTERNATIONAL AIRPORT WA US,20100118,42.3,10.3,47.5,37.2,5.8,4.2,5.9,6.4
GHCND:USW00024233,SEATTLE TACOMA INTERNATIONAL AIRPORT WA US,20100119,42.4,10.4,47.6,37.2,5.8,4.3,5.9,6.4
GHCND:USW00024233,SEATTLE TACOMA INTERNATIONAL AIRPORT WA US,20100120,42.5,10.5,47.7,37.2,5.8,4.3,6.0,6.4
GHCND:USW00024233,SEATTLE TACOMA INTERNATIONAL AIRPORT WA US,20100121,42.5,10.6,47.8,37.2,5.8,4.3,6.0,6.4
GHCND:USW00024233,SEATTLE TACOMA INTERNATIONAL AIRPORT WA US,20100122,42.6,10.7,47.9,37.2,5.8,4.4,6.0,6.4
GHCND:USW00024233,SEATTLE TACOMA INTERNATIONAL AIRPORT WA US,20100123,42.6,10.8,48.0,37.2,5.8,4.4,6.0,6.4
GHCND:USW00024233,SEATTLE TACOMA INTERNATIONAL AIRPORT WA US,20100124,42.7,10.9,48.1,37.2,5.8,4.5,6.0,6.4
GHCND:USW00024233,SEATTLE TACOMA INTERNATIONAL AIRPORT WA US,20100125,42.7,11.0,48.2,37.2,5.8,4.5,6.1,6.4
GHCND:USW00024233,SEATTLE TACOMA INTERNATIONAL AIRPORT WA US,20100126,42.7,11.1,48.3,37.2,5.8,4.5,6.1,6.4
GHCND:USW00024233,SEATTLE TACOMA INTERNATIONAL AIRPORT WA US,20100127,42.8,11.2,48.4,37.2,5.8,4.6,6.1,6.4
GHCND:USW00024233,SEATTLE TACOMA INTERNATIONAL AIRPORT WA US,20100128,42.8,11.3,48.4,37.1,5.8,4.6,6.1,6.4
GHCND:USW00024233,SEATTLE TACOMA INTERNATIONAL AIRPORT WA US,20100129,42.8,11.4,48.5,37.1,5.8,4.6,6.1,6.4
GHCND:USW00024233,SEATTLE TACOMA INTERNATIONAL AIRPORT WA US,20100130,42.8,11.5,48.6,37.1,5.8,4.7,6.1,6.4
GHCND:USW00024233,SEATTLE TACOMA INTERNATIONAL AIRPORT WA US,20100131,42.9,11.6,48.7,37.0,5.8,4.7,6.1,6.4
GHCND:USW00024233,SEATTLE TACOMA INTERNATIONAL AIRPORT WA US,20100201,42.9,11.8,48.8,37.0,5.8,4.7,6.1,6.4
GHCND:USW00024233,SEATTLE TACOMA INTERNATIONAL AIRPORT WA US,20100202,42.9,11.9,48.8,37.0,5.7,4.8,6.1,6.3
GHCND:USW00024233,SEATTLE TACOMA INTERNATIONAL AIRPORT WA US,20100203,42.9,12.0,48.9,36.9,5.7,4.8,6.1,6.3
GHCND:USW00024233,SEATTLE TACOMA INTERNATIONAL AIRPORT WA US,20100204,42.9,12.1,49.0,36.9,5.7,4.8,6.1,6.3
GHCND:USW00024233,SEATTLE TACOMA INTERNATIONAL AIRPORT WA US,20100205,42.9,12.2,49.1,36.8,5.7,4.9,6.1,6.3
GHCND:USW00024233,SEATTLE TACOMA INTERNATIONAL AIRPORT WA US,20100206,43.0,12.3,49.1,36.8,5.7,4.9,6.0,6.3
GHCND:USW00024233,SEATTLE TACOMA INTERNATIONAL AIRPORT WA US,20100207,43.0,12.4,49.2,36.8,5.6,4.9,6.0,6.3
GHCND:USW00024233,SEATTLE TACOMA INTERNATIONAL AIRPORT WA US,20100208,43.0,12.5,49.3,36.8,5.6,5.0,6.0,6.2
GHCND:USW00024233,SEATTLE TACOMA INTERNATIONAL AIRPORT WA US,20100209,43.0,12.6,49.4,36.7,5.6,5.0,6.0,6.2
GHCND:USW00024233,SEATTLE TACOMA INTERNATIONAL AIRPORT WA US,20100210,43.1,12.7,49.4,36.7,5.5,5.1,6.0,6.2
GHCND:USW00024233,SEATTLE TACOMA INTERNATIONAL AIRPORT WA US,20100211,43.1,12.8,49.5,36.7,5.5,5.1,6.0,6.1
GHCND:USW00024233,SEATTLE TACOMA INTERNATIONAL AIRPORT WA US,20100212,43.1,12.9,49.6,36.7,5.4,5.1,5.9,6.1
GHCND:USW00024233,SEATTLE TACOMA INTERNATIONAL AIRPORT WA US,20100213,43.2,13.0,49.7,36.7,5.4,5.2,5.9,6.0
GHCND:USW00024233,SEATTLE TACOMA INTERNATIONAL AIRPORT WA US,20100214,43.2,13.1,49.8,36.7,5.3,5.2,5.9,6.0
GHCND:USW00024233,SEATTLE TACOMA INTERNATIONAL AIRPORT WA US,20100215,43.3,13.2,49.9,36.7,5.3,5.2,5.9,5.9
GHCND:USW00024233,SEATTLE TACOMA INTERNATIONAL AIRPORT WA US,20100216,43.3,13.2,49.9,36.7,5.2,5.2,5.9,5.9
GHCND:USW00024233,SEATTLE TACOMA INTERNATIONAL AIRPORT WA US,20100217,43.4,13.3,50.0,36.7,5.2,5.3,5.8,5.8
GHCND:USW00024233,SEATTLE TACOMA INTERNATIONAL AIRPORT WA US,20100218,43.5,13.4,50.1,36.8,5.2,5.3,5.8,5.8
GHCND:USW00024233,SEATTLE TACOMA INTERNATIONAL AIRPORT WA US,20100219,43.5,13.4,50.2,36.8,5.1,5.3,5.8,5.7
GHCND:USW00024233,SEATTLE TACOMA INTERNATIONAL AIRPORT WA US,20100220,43.6,13.5,50.4,36.9,5.1,5.3,5.8,5.7
GHCND:USW00024233,SEATTLE TACOMA INTERNATIONAL AIRPORT WA US,20100221,43.7,13.5,50.5,36.9,5.0,5.3,5.8,5.6
GHCND:USW00024233,SEATTLE TACOMA INTERNATIONAL AIRPORT WA US,20100222,43.8,13.6,50.6,37.0,5.0,5.3,5.8,5.6
GHCND:USW00024233,SEATTLE TACOMA INTERNATIONAL AIRPORT WA US,20100223,43.9,13.6,50.7,37.0,5.0,5.3,5.7,5.5
GHCND:USW00024233,SEATTLE TACOMA INTERNATIONAL AIRPORT WA US,20100224,44.0,13.7,50.8,37.1,4.9,5.3,5.7,5.5
GHCND:USW00024233,SEATTLE TACOMA INTERNATIONAL AIRPORT WA US,20100225,44.1,13.7,50.9,37.2,4.9,5.3,5.7,5.4
GHCND:USW00024233,SEATTLE TACOMA INTERNATIONAL AIRPORT WA US,20100226,44.2,13.8,51.1,37.3,4.9,5.4,5.7,5.4
GHCND:USW00024233,SEATTLE TACOMA INTERNATIONAL AIRPORT WA US,20100227,44.3,13.8,51.2,37.4,4.8,5.4,5.7,5.3
GHCND:USW00024233,SEATTLE TACOMA INTERNATIONAL AIRPORT WA US,20100228,44.4,13.9,51.3,37.5,4.8,5.4,5.7,5.3
GHCND:USW00024233,SEATTLE TACOMA INTERNATIONAL AIRPORT WA US,20100301,44.5,13.9,51.5,37.6,4.8,5.4,5.7,5.2
GHCND:USW00024233,SEATTLE TACOMA INTERNATIONAL AIRPORT WA US,20100302,44.7,13.9,51.6,37.7,4.8,5.4,5.7,5.2
GHCND:USW00024233,SEATTLE TACOMA INTERNATIONAL AIRPORT WA US,20100303,44.8,14.0,51.8,37.8,4.7,5.4,5.7,5.1
GHCND:USW00024233,SEATTLE TACOMA INTERNATIONAL AIRPORT WA US,20100304,44.9,14.0,51.9,37.9,4.7,5.4,5.7,5.1
GHCND:USW00024233,SEATTLE TACOMA INTERNATIONAL AIRPORT WA US,20100305,45.1,14.0,52.1,38.0,4.7,5.5,5.8,5.0
GHCND:USW00024233,SEATTLE TACOMA INTERNATIONAL AIRPORT WA US,20100306,45.2,14.0,52.2,38.2,4.6,5.5,5.8,5.0
GHCND:USW00024233,SEATTLE TACOMA INTERNATIONAL AIRPORT WA US,20100307,45.3,14.1,52.4,38.3,4.6,5.5,5.8,4.9
GHCND:USW00024233,SEATTLE TACOMA INTERNATIONAL AIRPORT WA US,20100308,45.5,14.1,52.5,38.4,4.6,5.5,5.8,4.8
GHCND:USW00024233,SEATTLE TACOMA INTERNATIONAL AIRPORT WA US,20100309,45.6,14.1,52.7,38.5,4.5,5.5,5.8,4.8
GHCND:USW00024233,SEATTLE TACOMA INTERNATIONAL AIRPORT WA US,20100310,45.7,14.1,52.8,38.7,4.5,5.5,5.8,4.7
GHCND:USW00024233,SEATTLE TACOMA INTERNATIONAL AIRPORT WA US,20100311,45.9,14.2,53.0,38.8,4.5,5.5,5.8,4.7
GHCND:USW00024233,SEATTLE TACOMA INTERNATIONAL AIRPORT WA US,20100312,46.0,14.2,53.1,38.9,4.5,5.5,5.8,4.6
GHCND:USW00024233,SEATTLE TACOMA INTERNATIONAL AIRPORT WA US,20100313,46.1,14.2,53.3,39.0,4.5,5.6,5.9,4.6
GHCND:USW00024233,SEATTLE TACOMA INTERNATIONAL AIRPORT WA US,20100314,46.3,14.3,53.4,39.2,4.5,5.6,5.9,4.6
GHCND:USW00024233,SEATTLE TACOMA INTERNATIONAL AIRPORT WA US,20100315,46.4,14.3,53.6,39.3,4.4,5.6,5.9,4.5
GHCND:USW00024233,SEATTLE TACOMA INTERNATIONAL AIRPORT WA US,20100316,46.6,14.3,53.7,39.4,4.4,5.6,5.9,4.5
GHCND:USW00024233,SEATTLE TACOMA INTERNATIONAL AIRPORT WA US,20100317,46.7,14.4,53.9,39.5,4.4,5.6,5.9,4.4
GHCND:USW00024233,SEATTLE TACOMA INTERNATIONAL AIRPORT WA US,20100318,46.8,14.4,54.0,39.6,4.4,5.6,5.9,4.4
GHCND:USW00024233,SEATTLE TACOMA INTERNATIONAL AIRPORT WA US,20100319,46.9,14.4,54.2,39.7,4.4,5.6,5.9,4.3
GHCND:USW00024233,SEATTLE TACOMA INTERNATIONAL AIRPORT WA US,20100320,47.1,14.5,54.3,39.8,4.3,5.7,5.9,4.3
GHCND:USW00024233,SEATTLE TACOMA INTERNATIONAL AIRPORT WA US,20100321,47.2,14.5,54.5,39.9,4.3,5.7,6.0,4.2
GHCND:USW00024233,SEATTLE TACOMA INTERNATIONAL AIRPORT WA US,20100322,47.3,14.6,54.6,40.0,4.3,5.7,6.0,4.2
GHCND:USW00024233,SEATTLE TACOMA INTERNATIONAL AIRPORT WA US,20100323,47.4,14.6,54.7,40.1,4.3,5.7,6.0,4.1
GHCND:USW00024233,SEATTLE TACOMA INTERNATIONAL AIRPORT WA US,20100324,47.5,14.7,54.9,40.2,4.3,5.8,6.0,4.1
GHCND:USW00024233,SEATTLE TACOMA INTERNATIONAL AIRPORT WA US,20100325,47.7,14.7,55.0,40.3,4.3,5.8,6.1,4.1
GHCND:USW00024233,SEATTLE TACOMA INTERNATIONAL AIRPORT WA US,20100326,47.8,14.8,55.2,40.4,4.3,5.8,6.1,4.0
GHCND:USW00024233,SEATTLE TACOMA INTERNATIONAL AIRPORT WA US,20100327,47.9,14.9,55.3,40.5,4.3,5.8,6.1,4.0
GHCND:USW00024233,SEATTLE TACOMA INTERNATIONAL AIRPORT WA US,20100328,48.0,14.9,55.5,40.5,4.3,5.9,6.2,4.0
GHCND:USW00024233,SEATTLE TACOMA INTERNATIONAL AIRPORT WA US,20100329,48.1,15.0,55.6,40.6,4.3,5.9,6.2,4.0
GHCND:USW00024233,SEATTLE TACOMA INTERNATIONAL AIRPORT WA US,20100330,48.2,15.1,55.7,40.7,4.3,5.9,6.2,3.9
GHCND:USW00024233,SEATTLE TACOMA INTERNATIONAL AIRPORT WA US,20100331,48.3,15.1,55.9,40.8,4.3,5.9,6.2,3.9
GHCND:USW00024233,SEATTLE TACOMA INTERNATIONAL AIRPORT WA US,20100401,48.4,15.2,56.0,40.8,4.3,5.9,6.3,3.9
GHCND:USW00024233,SEATTLE TACOMA INTERNATIONAL AIRPORT WA US,20100402,48.5,15.3,56.2,40.9,4.3,6.0,6.3,3.9
GHCND:USW00024233,SEATTLE TACOMA INTERNATIONAL AIRPORT WA US,20100403,48.6,15.4,56.3,41.0,4.3,6.0,6.4,3.9
GHCND:USW00024233,SEATTLE TACOMA INTERNATIONAL AIRPORT WA US,20100404,48.8,15.4,56.5,41.0,4.4,6.0,6.4,3.9
GHCND:USW00024233,SEATTLE TACOMA INTERNATIONAL AIRPORT WA US,20100405,48.9,15.5,56.6,41.1,4.4,6.0,6.5,3.9
GHCND:USW00024233,SEATTLE TACOMA INTERNATIONAL AIRPORT WA US,20100406,49.0,15.6,56.8,41.2,4.4,6.0,6.5,3.9
GHCND:USW00024233,SEATTLE TACOMA INTERNATIONAL AIRPORT WA US,20100407,49.1,15.7,56.9,41.3,4.5,6.0,6.5,3.9
GHCND:USW00024233,SEATTLE TACOMA INTERNATIONAL AIRPORT WA US,20100408,49.2,15.8,57.1,41.3,4.5,6.0,6.5,3.9
GHCND:USW00024233,SEATTLE TACOMA INTERNATIONAL AIRPORT WA US,20100409,49.3,15.8,57.2,41.4,4.5,6.0,6.6,3.9
GHCND:USW00024233,SEATTLE TACOMA INTERNATIONAL AIRPORT WA US,20100410,49.4,15.9,57.4,41.5,4.5,6.0,6.6,3.9
GHCND:USW00024233,SEATTLE TACOMA INTERNATIONAL AIRPORT WA US,20100411,49.6,16.0,57.6,41.6,4.5,6.0,6.6,3.9
GHCND:USW00024233,SEATTLE TACOMA INTERNATIONAL AIRPORT WA US,20100412,49.7,16.1,57.7,41.7,4.5,6.0,6.6,3.9
GHCND:USW00024233,SEATTLE TACOMA INTERNATIONAL AIRPORT WA US,20100413,49.8,16.2,57.9,41.8,4.6,6.0,6.7,3.9
GHCND:USW00024233,SEATTLE TACOMA INTERNATIONAL AIRPORT WA US,20100414,50.0,16.2,58.1,41.9,4.6,6.0,6.7,4.0
GHCND:USW00024233,SEATTLE TACOMA INTERNATIONAL AIRPORT WA US,20100415,50.1,16.3,58.3,42.0,4.6,6.0,6.7,4.0
GHCND:USW00024233,SEATTLE TACOMA INTERNATIONAL AIRPORT WA US,20100416,50.3,16.4,58.5,42.1,4.6,6.0,6.7,4.0
GHCND:USW00024233,SEATTLE TACOMA INTERNATIONAL AIRPORT WA US,20100417,50.4,16.5,58.6,42.2,4.7,6.0,6.8,4.0
GHCND:USW00024233,SEATTLE TACOMA INTERNATIONAL AIRPORT WA US,20100418,50.6,16.5,58.8,42.3,4.7,6.0,6.8,4.0
GHCND:USW00024233,SEATTLE TACOMA INTERNATIONAL AIRPORT WA US,20100419,50.7,16.6,59.0,42.4,4.7,6.0,6.8,4.0
GHCND:USW00024233,SEATTLE TACOMA INTERNATIONAL AIRPORT WA US,20100420,50.9,16.7,59.2,42.6,4.7,6.0,6.8,4.0
GHCND:USW00024233,SEATTLE TACOMA INTERNATIONAL AIRPORT WA US,20100421,51.1,16.7,59.4,42.7,4.8,6.0,6.8,4.0
GHCND:USW00024233,SEATTLE TACOMA INTERNATIONAL AIRPORT WA US,20100422,51.2,16.8,59.7,42.8,4.8,5.9,6.9,4.0
GHCND:USW00024233,SEATTLE TACOMA INTERNATIONAL AIRPORT WA US,20100423,51.4,16.9,59.9,43.0,4.8,5.9,6.9,4.0
GHCND:USW00024233,SEATTLE TACOMA INTERNATIONAL AIRPORT WA US,20100424,51.6,16.9,60.1,43.2,4.8,5.9,6.9,4.1
GHCND:USW00024233,SEATTLE TACOMA INTERNATIONAL AIRPORT WA US,20100425,51.8,17.0,60.3,43.3,4.8,5.9,6.9,4.1
GHCND:USW00024233,SEATTLE TACOMA INTERNATIONAL AIRPORT WA US,20100426,52.0,17.0,60.5,43.5,4.9,5.9,7.0,4.1
GHCND:USW00024233,SEATTLE TACOMA INTERNATIONAL AIRPORT WA US,20100427,52.2,17.1,60.7,43.7,4.9,5.9,7.0,4.1
GHCND:USW00024233,SEATTLE TACOMA INTERNATIONAL AIRPORT WA US,20100428,52.4,17.1,61.0,43.8,4.9,5.9,7.0,4.1
GHCND:USW00024233,SEATTLE TACOMA INTERNATIONAL AIRPORT WA US,20100429,52.6,17.2,61.2,44.0,4.9,5.9,7.0,4.1
GHCND:USW00024233,SEATTLE TACOMA INTERNATIONAL AIRPORT WA US,20100430,52.8,17.2,61.4,44.2,5.0,5.9,7.1,4.1
GHCND:USW00024233,SEATTLE TACOMA INTERNATIONAL AIRPORT WA US,20100501,53.0,17.3,61.6,44.4,5.0,5.9,7.1,4.1
GHCND:USW00024233,SEATTLE TACOMA INTERNATIONAL AIRPORT WA US,20100502,53.2,17.3,61.9,44.6,5.0,5.9,7.1,4.1
GHCND:USW00024233,SEATTLE TACOMA INTERNATIONAL AIRPORT WA US,20100503,53.4,17.3,62.1,44.8,5.0,5.9,7.1,4.1
GHCND:USW00024233,SEATTLE TACOMA INTERNATIONAL AIRPORT WA US,20100504,53.6,17.3,62.3,45.0,5.0,5.9,7.1,4.0
GHCND:USW00024233,SEATTLE TACOMA INTERNATIONAL AIRPORT WA US,20100505,53.9,17.4,62.5,45.2,5.0,5.9,7.1,4.0
GHCND:USW00024233,SEATTLE TACOMA INTERNATIONAL AIRPORT WA US,20100506,54.1,17.4,62.8,45.4,5.0,5.9,7.2,4.0
GHCND:USW00024233,SEATTLE TACOMA INTERNATIONAL AIRPORT WA US,20100507,54.3,17.4,63.0,45.6,5.0,5.9,7.2,4.0
GHCND:USW00024233,SEATTLE TACOMA INTERNATIONAL AIRPORT WA US,20100508,54.5,17.4,63.2,45.8,5.0,5.9,7.2,4.0
GHCND:USW00024233,SEATTLE TACOMA INTERNATIONAL AIRPORT WA US,20100509,54.7,17.4,63.4,46.0,5.0,5.9,7.2,4.0
GHCND:USW00024233,SEATTLE TACOMA INTERNATIONAL AIRPORT WA US,20100510,54.9,17.4,63.6,46.2,5.0,6.0,7.2,4.0
GHCND:USW00024233,SEATTLE TACOMA INTERNATIONAL AIRPORT WA US,20100511,55.1,17.4,63.8,46.4,5.0,6.0,7.3,3.9
GHCND:USW00024233,SEATTLE TACOMA INTERNATIONAL AIRPORT WA US,20100512,55.3,17.4,64.1,46.6,5.0,6.0,7.3,3.9
GHCND:USW00024233,SEATTLE TACOMA INTERNATIONAL AIRPORT WA US,20100513,55.5,17.4,64.3,46.8,5.0,6.0,7.3,3.9
GHCND:USW00024233,SEATTLE TACOMA INTERNATIONAL AIRPORT WA US,20100514,55.7,17.4,64.5,47.0,5.0,6.0,7.3,3.9
GHCND:USW00024233,SEATTLE TACOMA INTERNATIONAL AIRPORT WA US,20100515,55.9,17.4,64.7,47.2,5.0,6.0,7.3,3.9
GHCND:USW00024233,SEATTLE TACOMA INTERNATIONAL AIRPORT WA US,20100516,56.1,17.4,64.8,47.4,5.0,6.1,7.4,3.9
GHCND:USW00024233,SEATTLE TACOMA INTERNATIONAL AIRPORT WA US,20100517,56.3,17.4,65.0,47.6,5.0,6.1,7.4,3.8
GHCND:USW00024233,SEATTLE TACOMA INTERNATIONAL AIRPORT WA US,20100518,56.5,17.4,65.2,47.8,5.0,6.1,7.4,3.8
GHCND:USW00024233,SEATTLE TACOMA INTERNATIONAL AIRPORT WA US,20100519,56.7,17.4,65.4,48.0,5.0,6.1,7.4,3.8
GHCND:USW00024233,SEATTLE TACOMA INTERNATIONAL AIRPORT WA US,20100520,56.9,17.4,65.6,48.1,5.0,6.1,7.4,3.8
GHCND:USW00024233,SEATTLE TACOMA INTERNATIONAL AIRPORT WA US,20100521,57.0,17.4,65.7,48.3,5.0,6.2,7.4,3.8
GHCND:USW00024233,SEATTLE TACOMA INTERNATIONAL AIRPORT WA US,20100522,57.2,17.4,65.9,48.5,5.0,6.2,7.4,3.7
GHCND:USW00024233,SEATTLE TACOMA INTERNATIONAL AIRPORT WA US,20100523,57.4,17.4,66.1,48.7,5.0,6.2,7.4,3.7
GHCND:USW00024233,SEATTLE TACOMA INTERNATIONAL AIRPORT WA US,20100524,57.5,17.4,66.2,48.8,5.0,6.2,7.5,3.7
GHCND:USW00024233,SEATTLE TACOMA INTERNATIONAL AIRPORT WA US,20100525,57.7,17.4,66.4,49.0,5.0,6.2,7.4,3.6
GHCND:USW00024233,SEATTLE TACOMA INTERNATIONAL AIRPORT WA US,20100526,57.9,17.4,66.5,49.2,4.9,6.2,7.4,3.6
GHCND:USW00024233,SEATTLE TACOMA INTERNATIONAL AIRPORT WA US,20100527,58.0,17.4,66.7,49.3,4.9,6.2,7.4,3.6
GHCND:USW00024233,SEATTLE TACOMA INTERNATIONAL AIRPORT WA US,20100528,58.2,17.4,66.8,49.5,4.9,6.2,7.4,3.5
GHCND:USW00024233,SEATTLE TACOMA INTERNATIONAL AIRPORT WA US,20100529,58.3,17.4,67.0,49.6,4.9,6.2,7.4,3.5
GHCND:USW00024233,SEATTLE TACOMA INTERNATIONAL AIRPORT WA US,20100530,58.4,17.4,67.1,49.8,4.9,6.2,7.4,3.5
GHCND:USW00024233,SEATTLE TACOMA INTERNATIONAL AIRPORT WA US,20100531,58.6,17.4,67.3,49.9,4.9,6.2,7.4,3.5
GHCND:USW00024233,SEATTLE TACOMA INTERNATIONAL AIRPORT WA US,20100601,58.7,17.4,67.4,50.0,4.9,6.2,7.4,3.4
GHCND:USW00024233,SEATTLE TACOMA INTERNATIONAL AIRPORT WA US,20100602,58.9,17.4,67.6,50.2,4.9,6.2,7.4,3.4
GHCND:USW00024233,SEATTLE TACOMA INTERNATIONAL AIRPORT WA US,20100603,59.0,17.4,67.7,50.3,4.9,6.2,7.4,3.4
GHCND:USW00024233,SEATTLE TACOMA INTERNATIONAL AIRPORT WA US,20100604,59.2,17.4,67.9,50.4,4.9,6.2,7.4,3.4
GHCND:USW00024233,SEATTLE TACOMA INTERNATIONAL AIRPORT WA US,20100605,59.3,17.5,68.0,50.6,4.8,6.2,7.4,3.4
GHCND:USW00024233,SEATTLE TACOMA INTERNATIONAL AIRPORT WA US,20100606,59.4,17.5,68.2,50.7,4.8,6.2,7.4,3.4
GHCND:USW00024233,SEATTLE TACOMA INTERNATIONAL AIRPORT WA US,20100607,59.6,17.5,68.3,50.8,4.8,6.2,7.4,3.3
GHCND:USW00024233,SEATTLE TACOMA INTERNATIONAL AIRPORT WA US,20100608,59.7,17.5,68.5,50.9,4.8,6.2,7.4,3.3
GHCND:USW00024233,SEATTLE TACOMA INTERNATIONAL AIRPORT WA US,20100609,59.8,17.6,68.6,51.1,4.8,6.2,7.4,3.3
GHCND:USW00024233,SEATTLE TACOMA INTERNATIONAL AIRPORT WA US,20100610,60.0,17.6,68.8,51.2,4.8,6.2,7.4,3.3
GHCND:USW00024233,SEATTLE TACOMA INTERNATIONAL AIRPORT WA US,20100611,60.1,17.7,69.0,51.3,4.8,6.2,7.4,3.3
GHCND:USW00024233,SEATTLE TACOMA INTERNATIONAL AIRPORT WA US,20100612,60.3,17.7,69.1,51.4,4.8,6.2,7.4,3.3
GHCND:USW00024233,SEATTLE TACOMA INTERNATIONAL AIRPORT WA US,20100613,60.4,17.7,69.3,51.6,4.8,6.2,7.4,3.2
GHCND:USW00024233,SEATTLE TACOMA INTERNATIONAL AIRPORT WA US,20100614,60.6,17.8,69.5,51.7,4.8,6.2,7.4,3.2
GHCND:USW00024233,SEATTLE TACOMA INTERNATIONAL AIRPORT WA US,20100615,60.7,17.8,69.7,51.8,4.8,6.1,7.4,3.2
GHCND:USW00024233,SEATTLE TACOMA INTERNATIONAL AIRPORT WA US,20100616,60.9,17.9,69.8,51.9,4.8,6.1,7.4,3.2
GHCND:USW00024233,SEATTLE TACOMA INTERNATIONAL AIRPORT WA US,20100617,61.0,18.0,70.0,52.1,4.7,6.1,7.3,3.2
GHCND:USW00024233,SEATTLE TACOMA INTERNATIONAL AIRPORT WA US,20100618,61.2,18.0,70.2,52.2,4.7,6.1,7.3,3.2
GHCND:USW00024233,SEATTLE TACOMA INTERNATIONAL AIRPORT WA US,20100619,61.4,18.1,70.4,52.3,4.7,6.1,7.3,3.1
GHCND:USW00024233,SEATTLE TACOMA INTERNATIONAL AIRPORT WA US,20100620,61.5,18.2,70.6,52.5,4.7,6.1,7.3,3.1
GHCND:USW00024233,SEATTLE TACOMA INTERNATIONAL AIRPORT WA US,20100621,61.7,18.2,70.8,52.6,4.7,6.1,7.3,3.1
GHCND:USW00024233,SEATTLE TACOMA INTERNATIONAL AIRPORT WA US,20100622,61.9,18.3,71.0,52.7,4.7,6.1,7.3,3.1
GHCND:USW00024233,SEATTLE TACOMA INTERNATIONAL AIRPORT WA US,20100623,62.1,18.4,71.3,52.9,4.7,6.1,7.3,3.1
GHCND:USW00024233,SEATTLE TACOMA INTERNATIONAL AIRPORT WA US,20100624,62.2,18.5,71.5,53.0,4.7,6.1,7.3,3.1
GHCND:USW00024233,SEATTLE TACOMA INTERNATIONAL AIRPORT WA US,20100625,62.4,18.6,71.7,53.1,4.7,6.1,7.3,3.1
GHCND:USW00024233,SEATTLE TACOMA INTERNATIONAL AIRPORT WA US,20100626,62.6,18.7,71.9,53.3,4.7,6.1,7.3,3.1
GHCND:USW00024233,SEATTLE TACOMA INTERNATIONAL AIRPORT WA US,20100627,62.8,18.7,72.2,53.4,4.7,6.1,7.3,3.1
GHCND:USW00024233,SEATTLE TACOMA INTERNATIONAL AIRPORT WA US,20100628,63.0,18.8,72.4,53.6,4.7,6.1,7.3,3.1
GHCND:USW00024233,SEATTLE TACOMA INTERNATIONAL AIRPORT WA US,20100629,63.2,18.9,72.6,53.7,4.7,6.1,7.3,3.1
GHCND:USW00024233,SEATTLE TACOMA INTERNATIONAL AIRPORT WA US,20100630,63.3,19.0,72.8,53.8,4.7,6.1,7.3,3.1
GHCND:USW00024233,SEATTLE TACOMA INTERNATIONAL AIRPORT WA US,20100701,63.5,19.1,73.1,54.0,4.7,6.1,7.3,3.1
GHCND:USW00024233,SEATTLE TACOMA INTERNATIONAL AIRPORT WA US,20100702,63.7,19.2,73.3,54.1,4.7,6.1,7.3,3.1
GHCND:USW00024233,SEATTLE TACOMA INTERNATIONAL AIRPORT WA US,20100703,63.9,19.3,73.5,54.3,4.7,6.2,7.3,3.1
GHCND:USW00024233,SEATTLE TACOMA INTERNATIONAL AIRPORT WA US,20100704,64.1,19.4,73.8,54.4,4.7,6.2,7.4,3.1
GHCND:USW00024233,SEATTLE TACOMA INTERNATIONAL AIRPORT WA US,20100705,64.3,19.5,74.0,54.5,4.7,6.2,7.4,3.1
GHCND:USW00024233,SEATTLE TACOMA INTERNATIONAL AIRPORT WA US,20100706,64.4,19.6,74.2,54.7,4.8,6.2,7.4,3.1
GHCND:USW00024233,SEATTLE TACOMA INTERNATIONAL AIRPORT WA US,20100707,64.6,19.6,74.4,54.8,4.8,6.2,7.4,3.1
GHCND:USW00024233,SEATTLE TACOMA INTERNATIONAL AIRPORT WA US,20100708,64.8,19.7,74.6,54.9,4.8,6.2,7.4,3.1
GHCND:USW00024233,SEATTLE TACOMA INTERNATIONAL AIRPORT WA US,20100709,64.9,19.8,74.9,55.0,4.8,6.3,7.5,3.1
GHCND:USW00024233,SEATTLE TACOMA INTERNATIONAL AIRPORT WA US,20100710,65.1,19.9,75.1,55.2,4.8,6.3,7.5,3.1
GHCND:USW00024233,SEATTLE TACOMA INTERNATIONAL AIRPORT WA US,20100711,65.3,20.0,75.3,55.3,4.8,6.3,7.5,3.2
GHCND:USW00024233,SEATTLE TACOMA INTERNATIONAL AIRPORT WA US,20100712,65.4,20.1,75.4,55.4,4.8,6.3,7.5,3.2
GHCND:USW00024233,SEATTLE TACOMA INTERNATIONAL AIRPORT WA US,20100713,65.6,20.1,75.6,55.5,4.8,6.3,7.5,3.2
GHCND:USW00024233,SEATTLE TACOMA INTERNATIONAL AIRPORT WA US,20100714,65.7,20.2,75.8,55.6,4.8,6.3,7.5,3.2
GHCND:USW00024233,SEATTLE TACOMA INTERNATIONAL AIRPORT WA US,20100715,65.8,20.3,76.0,55.7,4.8,6.3,7.5,3.2
GHCND:USW00024233,SEATTLE TACOMA INTERNATIONAL AIRPORT WA US,20100716,66.0,20.3,76.1,55.8,4.8,6.3,7.5,3.2
GHCND:USW00024233,SEATTLE TACOMA INTERNATIONAL AIRPORT WA US,20100717,66.1,20.4,76.3,55.9,4.8,6.3,7.5,3.2
GHCND:USW00024233,SEATTLE TACOMA INTERNATIONAL AIRPORT WA US,20100718,66.2,20.5,76.4,56.0,4.8,6.3,7.5,3.2
GHCND:USW00024233,SEATTLE TACOMA INTERNATIONAL AIRPORT WA US,20100719,66.3,20.5,76.6,56.1,4.8,6.3,7.5,3.2
GHCND:USW00024233,SEATTLE TACOMA INTERNATIONAL AIRPORT WA US,20100720,66.4,20.6,76.7,56.1,4.8,6.2,7.5,3.2
GHCND:USW00024233,SEATTLE TACOMA INTERNATIONAL AIRPORT WA US,20100721,66.5,20.6,76.8,56.2,4.8,6.2,7.5,3.2
GHCND:USW00024233,SEATTLE TACOMA INTERNATIONAL AIRPORT WA US,20100722,66.6,20.6,76.9,56.3,4.9,6.2,7.5,3.2
GHCND:USW00024233,SEATTLE TACOMA INTERNATIONAL AIRPORT WA US,20100723,66.6,20.7,77.0,56.3,4.8,6.2,7.5,3.2
GHCND:USW00024233,SEATTLE TACOMA INTERNATIONAL AIRPORT WA US,20100724,66.7,20.7,77.1,56.4,4.8,6.2,7.5,3.2
GHCND:USW00024233,SEATTLE TACOMA INTERNATIONAL AIRPORT WA US,20100725,66.8,20.7,77.1,56.4,4.8,6.2,7.5,3.2
GHCND:USW00024233,SEATTLE TACOMA INTERNATIONAL AIRPORT WA US,20100726,66.8,20.8,77.2,56.4,4.9,6.2,7.5,3.2
GHCND:USW00024233,SEATTLE TACOMA INTERNATIONAL AIRPORT WA US,20100727,66.9,20.8,77.3,56.5,4.9,6.2,7.5,3.2
GHCND:USW00024233,SEATTLE TACOMA INTERNATIONAL AIRPORT WA US,20100728,66.9,20.8,77.3,56.5,4.8,6.2,7.5,3.2
GHCND:USW00024233,SEATTLE TACOMA INTERNATIONAL AIRPORT WA US,20100729,66.9,20.8,77.3,56.5,4.8,6.2,7.5,3.2
GHCND:USW00024233,SEATTLE TACOMA INTERNATIONAL AIRPORT WA US,20100730,66.9,20.8,77.3,56.5,4.8,6.2,7.4,3.2
GHCND:USW00024233,SEATTLE TACOMA INTERNATIONAL AIRPORT WA US,20100731,66.9,20.8,77.4,56.5,4.8,6.2,7.4,3.2
GHCND:USW00024233,SEATTLE TACOMA INTERNATIONAL AIRPORT WA US,20100801,66.9,20.8,77.4,56.5,4.8,6.2,7.4,3.2
GHCND:USW00024233,SEATTLE TACOMA INTERNATIONAL AIRPORT WA US,20100802,66.9,20.8,77.4,56.5,4.8,6.1,7.4,3.2
GHCND:USW00024233,SEATTLE TACOMA INTERNATIONAL AIRPORT WA US,20100803,66.9,20.8,77.3,56.5,4.7,6.1,7.3,3.2
GHCND:USW00024233,SEATTLE TACOMA INTERNATIONAL AIRPORT WA US,20100804,66.9,20.8,77.3,56.5,4.7,6.1,7.3,3.1
GHCND:USW00024233,SEATTLE TACOMA INTERNATIONAL AIRPORT WA US,20100805,66.9,20.8,77.3,56.5,4.7,6.1,7.2,3.1
GHCND:USW00024233,SEATTLE TACOMA INTERNATIONAL AIRPORT WA US,20100806,66.9,20.8,77.2,56.5,4.6,6.1,7.2,3.1
GHCND:USW00024233,SEATTLE TACOMA INTERNATIONAL AIRPORT WA US,20100807,66.8,20.8,77.2,56.4,4.6,6.1,7.1,3.1
GHCND:USW00024233,SEATTLE TACOMA INTERNATIONAL AIRPORT WA US,20100808,66.8,20.7,77.1,56.4,4.5,6.1,7.1,3.1
GHCND:USW00024233,SEATTLE TACOMA INTERNATIONAL AIRPORT WA US,20100809,66.7,20.7,77.1,56.4,4.5,6.0,7.0,3.0
GHCND:USW00024233,SEATTLE TACOMA INTERNATIONAL AIRPORT WA US,20100810,66.7,20.7,77.0,56.3,4.4,6.0,6.9,3.0
GHCND:USW00024233,SEATTLE TACOMA INTERNATIONAL AIRPORT WA US,20100811,66.6,20.6,76.9,56.3,4.4,6.0,6.9,3.0
GHCND:USW00024233,SEATTLE TACOMA INTERNATIONAL AIRPORT WA US,20100812,66.6,20.6,76.9,56.3,4.3,6.0,6.9,3.0
GHCND:USW00024233,SEATTLE TACOMA INTERNATIONAL AIRPORT WA US,20100813,66.5,20.6,76.8,56.2,4.3,6.0,6.8,3.0
GHCND:USW00024233,SEATTLE TACOMA INTERNATIONAL AIRPORT WA US,20100814,66.4,20.5,76.7,56.2,4.3,6.1,6.8,3.0
GHCND:USW00024233,SEATTLE TACOMA INTERNATIONAL AIRPORT WA US,20100815,66.4,20.5,76.6,56.1,4.3,6.1,6.8,3.0
GHCND:USW00024233,SEATTLE TACOMA INTERNATIONAL AIRPORT WA US,20100816,66.3,20.5,76.5,56.0,4.2,6.1,6.8,3.0
GHCND:USW00024233,SEATTLE TACOMA INTERNATIONAL AIRPORT WA US,20100817,66.2,20.4,76.4,56.0,4.2,6.1,6.8,3.0
GHCND:USW00024233,SEATTLE TACOMA INTERNATIONAL AIRPORT WA US,20100818,66.1,20.4,76.3,55.9,4.2,6.1,6.7,3.0
GHCND:USW00024233,SEATTLE TACOMA INTERNATIONAL AIRPORT WA US,20100819,66.0,20.3,76.2,55.8,4.2,6.1,6.7,3.0
GHCND:USW00024233,SEATTLE TACOMA INTERNATIONAL AIRPORT WA US,20100820,65.9,20.3,76.1,55.8,4.2,6.1,6.7,3.0
GHCND:USW00024233,SEATTLE TACOMA INTERNATIONAL AIRPORT WA US,20100821,65.8,20.2,75.9,55.7,4.2,6.1,6.7,3.0
GHCND:USW00024233,SEATTLE TACOMA INTERNATIONAL AIRPORT WA US,20100822,65.7,20.2,75.8,55.6,4.2,6.2,6.7,3.0
GHCND:USW00024233,SEATTLE TACOMA INTERNATIONAL AIRPORT WA US,20100823,65.6,20.1,75.7,55.5,4.1,6.2,6.7,3.0
GHCND:USW00024233,SEATTLE TACOMA INTERNATIONAL AIRPORT WA US,20100824,65.5,20.1,75.5,55.4,4.1,6.2,6.7,3.0
GHCND:USW00024233,SEATTLE TACOMA INTERNATIONAL AIRPORT WA US,20100825,65.4,20.0,75.4,55.4,4.1,6.2,6.7,3.0
GHCND:USW00024233,SEATTLE TACOMA INTERNATIONAL AIRPORT WA US,20100826,65.3,20.0,75.3,55.3,4.1,6.2,6.6,3.0
GHCND:USW00024233,SEATTLE TACOMA INTERNATIONAL AIRPORT WA US,20100827,65.1,19.9,75.1,55.2,4.1,6.2,6.6,3.0
GHCND:USW00024233,SEATTLE TACOMA INTERNATIONAL AIRPORT WA US,20100828,65.0,19.9,75.0,55.1,4.1,6.2,6.6,3.0
GHCND:USW00024233,SEATTLE TACOMA INTERNATIONAL AIRPORT WA US,20100829,64.9,19.8,74.8,55.0,4.1,6.2,6.6,3.0
GHCND:USW00024233,SEATTLE TACOMA INTERNATIONAL AIRPORT WA US,20100830,64.7,19.8,74.6,54.8,4.1,6.2,6.6,3.0
GHCND:USW00024233,SEATTLE TACOMA INTERNATIONAL AIRPORT WA US,20100831,64.6,19.7,74.4,54.7,4.1,6.2,6.6,3.0
GHCND:USW00024233,SEATTLE TACOMA INTERNATIONAL AIRPORT WA US,20100901,64.4,19.7,74.3,54.6,4.1,6.3,6.6,3.0
GHCND:USW00024233,SEATTLE TACOMA INTERNATIONAL AIRPORT WA US,20100902,64.3,19.6,74.1,54.5,4.1,6.3,6.6,3.1
GHCND:USW00024233,SEATTLE TACOMA INTERNATIONAL AIRPORT WA US,20100903,64.1,19.5,73.9,54.3,4.1,6.3,6.6,3.1
GHCND:USW00024233,SEATTLE TACOMA INTERNATIONAL AIRPORT WA US,20100904,63.9,19.5,73.7,54.2,4.1,6.3,6.7,3.1
GHCND:USW00024233,SEATTLE TACOMA INTERNATIONAL AIRPORT WA US,20100905,63.8,19.4,73.5,54.1,4.2,6.3,6.7,3.1
GHCND:USW00024233,SEATTLE TACOMA INTERNATIONAL AIRPORT WA US,20100906,63.6,19.3,73.3,53.9,4.2,6.3,6.7,3.2
GHCND:USW00024233,SEATTLE TACOMA INTERNATIONAL AIRPORT WA US,20100907,63.4,19.3,73.0,53.8,4.2,6.3,6.8,3.2
GHCND:USW00024233,SEATTLE TACOMA INTERNATIONAL AIRPORT WA US,20100908,63.2,19.2,72.8,53.6,4.3,6.4,6.8,3.2
GHCND:USW00024233,SEATTLE TACOMA INTERNATIONAL AIRPORT WA US,20100909,63.0,19.1,72.6,53.4,4.3,6.4,6.8,3.3
GHCND:USW00024233,SEATTLE TACOMA INTERNATIONAL AIRPORT WA US,20100910,62.8,19.0,72.3,53.3,4.3,6.4,6.8,3.3
GHCND:USW00024233,SEATTLE TACOMA INTERNATIONAL AIRPORT WA US,20100911,62.6,19.0,72.1,53.1,4.4,6.4,6.9,3.4
GHCND:USW00024233,SEATTLE TACOMA INTERNATIONAL AIRPORT WA US,20100912,62.4,18.9,71.8,52.9,4.4,6.4,6.9,3.4
GHCND:USW00024233,SEATTLE TACOMA INTERNATIONAL AIRPORT WA US,20100913,62.1,18.8,71.5,52.7,4.4,6.4,6.9,3.4
GHCND:USW00024233,SEATTLE TACOMA INTERNATIONAL AIRPORT WA US,20100914,61.9,18.7,71.2,52.5,4.4,6.4,6.9,3.5
GHCND:USW00024233,SEATTLE TACOMA INTERNATIONAL AIRPORT WA US,20100915,61.7,18.6,71.0,52.4,4.4,6.4,6.9,3.5
GHCND:USW00024233,SEATTLE TACOMA INTERNATIONAL AIRPORT WA US,20100916,61.4,18.5,70.7,52.2,4.4,6.4,6.9,3.5
GHCND:USW00024233,SEATTLE TACOMA INTERNATIONAL AIRPORT WA US,20100917,61.1,18.4,70.3,52.0,4.4,6.4,6.9,3.5
GHCND:USW00024233,SEATTLE TACOMA INTERNATIONAL AIRPORT WA US,20100918,60.9,18.3,70.0,51.7,4.4,6.4,6.9,3.6
GHCND:USW00024233,SEATTLE TACOMA INTERNATIONAL AIRPORT WA US,20100919,60.6,18.2,69.7,51.5,4.4,6.4,6.8,3.6
GHCND:USW00024233,SEATTLE TACOMA INTERNATIONAL AIRPORT WA US,20100920,60.3,18.0,69.4,51.3,4.4,6.4,6.8,3.6
GHCND:USW00024233,SEATTLE TACOMA INTERNATIONAL AIRPORT WA US,20100921,60.1,17.9,69.0,51.1,4.4,6.4,6.8,3.7
GHCND:USW00024233,SEATTLE TACOMA INTERNATIONAL AIRPORT WA US,20100922,59.8,17.8,68.7,50.9,4.4,6.4,6.8,3.7
GHCND:USW00024233,SEATTLE TACOMA INTERNATIONAL AIRPORT WA US,20100923,59.5,17.7,68.3,50.7,4.4,6.4,6.7,3.7
GHCND:USW00024233,SEATTLE TACOMA INTERNATIONAL AIRPORT WA US,20100924,59.2,17.5,68.0,50.4,4.4,6.4,6.7,3.7
GHCND:USW00024233,SEATTLE TACOMA INTERNATIONAL AIRPORT WA US,20100925,58.9,17.4,67.6,50.2,4.4,6.4,6.7,3.8
GHCND:USW00024233,SEATTLE TACOMA INTERNATIONAL AIRPORT WA US,20100926,58.6,17.2,67.2,50.0,4.4,6.4,6.6,3.8
GHCND:USW00024233,SEATTLE TACOMA INTERNATIONAL AIRPORT WA US,20100927,58.3,17.1,66.8,49.8,4.4,6.3,6.6,3.8
GHCND:USW00024233,SEATTLE TACOMA INTERNATIONAL AIRPORT WA US,20100928,58.0,16.9,66.5,49.5,4.4,6.3,6.6,3.9
GHCND:USW00024233,SEATTLE TACOMA INTERNATIONAL AIRPORT WA US,20100929,57.7,16.8,66.1,49.3,4.3,6.3,6.5,3.9
GHCND:USW00024233,SEATTLE TACOMA INTERNATIONAL AIRPORT WA US,20100930,57.4,16.6,65.7,49.1,4.3,6.3,6.5,3.9
GHCND:USW00024233,SEATTLE TACOMA INTERNATIONAL AIRPORT WA US,20101001,57.1,16.5,65.3,48.8,4.3,6.3,6.4,3.9
GHCND:USW00024233,SEATTLE TACOMA INTERNATIONAL AIRPORT WA US,20101002,56.8,16.3,64.9,48.6,4.3,6.3,6.4,4.0
GHCND:USW00024233,SEATTLE TACOMA INTERNATIONAL AIRPORT WA US,20101003,56.4,16.1,64.5,48.4,4.3,6.2,6.3,4.0
GHCND:USW00024233,SEATTLE TACOMA INTERNATIONAL AIRPORT WA US,20101004,56.1,16.0,64.1,48.2,4.3,6.2,6.2,4.0
GHCND:USW00024233,SEATTLE TACOMA INTERNATIONAL AIRPORT WA US,20101005,55.8,15.8,63.7,47.9,4.2,6.2,6.2,4.1
GHCND:USW00024233,SEATTLE TACOMA INTERNATIONAL AIRPORT WA US,20101006,55.5,15.6,63.3,47.7,4.2,6.1,6.1,4.1
GHCND:USW00024233,SEATTLE TACOMA INTERNATIONAL AIRPORT WA US,20101007,55.2,15.4,62.9,47.5,4.2,6.1,6.1,4.1
GHCND:USW00024233,SEATTLE TACOMA INTERNATIONAL AIRPORT WA US,20101008,54.9,15.2,62.5,47.3,4.2,6.0,6.0,4.1
GHCND:USW00024233,SEATTLE TACOMA INTERNATIONAL AIRPORT WA US,20101009,54.6,15.1,62.1,47.1,4.2,6.0,5.9,4.1
GHCND:USW00024233,SEATTLE TACOMA INTERNATIONAL AIRPORT WA US,20101010,54.3,14.9,61.8,46.9,4.1,5.9,5.9,4.2
GHCND:USW00024233,SEATTLE TACOMA INTERNATIONAL AIRPORT WA US,20101011,54.0,14.7,61.4,46.7,4.1,5.8,5.8,4.2
GHCND:USW00024233,SEATTLE TACOMA INTERNATIONAL AIRPORT WA US,20101012,53.7,14.5,61.0,46.5,4.1,5.8,5.7,4.2
GHCND:USW00024233,SEATTLE TACOMA INTERNATIONAL AIRPORT WA US,20101013,53.4,14.3,60.6,46.3,4.1,5.7,5.7,4.3
GHCND:USW00024233,SEATTLE TACOMA INTERNATIONAL AIRPORT WA US,20101014,53.2,14.2,60.2,46.1,4.1,5.7,5.6,4.3
GHCND:USW00024233,SEATTLE TACOMA INTERNATIONAL AIRPORT WA US,20101015,52.9,14.0,59.9,45.9,4.1,5.6,5.6,4.3
GHCND:USW00024233,SEATTLE TACOMA INTERNATIONAL AIRPORT WA US,20101016,52.6,13.8,59.5,45.7,4.2,5.5,5.5,4.4
GHCND:USW00024233,SEATTLE TACOMA INTERNATIONAL AIRPORT WA US,20101017,52.3,13.6,59.1,45.5,4.2,5.5,5.5,4.4
GHCND:USW00024233,SEATTLE TACOMA INTERNATIONAL AIRPORT WA US,20101018,52.1,13.5,58.8,45.3,4.2,5.4,5.4,4.5
GHCND:USW00024233,SEATTLE TACOMA INTERNATIONAL AIRPORT WA US,20101019,51.8,13.3,58.4,45.1,4.2,5.4,5.4,4.5
GHCND:USW00024233,SEATTLE TACOMA INTERNATIONAL AIRPORT WA US,20101020,51.5,13.1,58.1,45.0,4.2,5.3,5.4,4.6
GHCND:USW00024233,SEATTLE TACOMA INTERNATIONAL AIRPORT WA US,20101021,51.3,13.0,57.8,44.8,4.2,5.2,5.3,4.6
GHCND:USW00024233,SEATTLE TACOMA INTERNATIONAL AIRPORT WA US,20101022,51.0,12.8,57.4,44.6,4.3,5.2,5.3,4.7
GHCND:USW00024233,SEATTLE TACOMA INTERNATIONAL AIRPORT WA US,20101023,50.8,12.7,57.1,44.5,4.3,5.1,5.2,4.7
GHCND:USW00024233,SEATTLE TACOMA INTERNATIONAL AIRPORT WA US,20101024,50.5,12.5,56.8,44.3,4.3,5.0,5.2,4.8
GHCND:USW00024233,SEATTLE TACOMA INTERNATIONAL AIRPORT WA US,20101025,50.3,12.4,56.5,44.1,4.3,5.0,5.2,4.8
GHCND:USW00024233,SEATTLE TACOMA INTERNATIONAL AIRPORT WA US,20101026,50.1,12.3,56.2,43.9,4.4,4.9,5.1,4.9
GHCND:USW00024233,SEATTLE TACOMA INTERNATIONAL AIRPORT WA US,20101027,49.8,12.1,55.9,43.8,4.4,4.9,5.1,4.9
GHCND:USW00024233,SEATTLE TACOMA INTERNATIONAL AIRPORT WA US,20101028,49.6,12.0,55.6,43.6,4.4,4.8,5.1,5.0
GHCND:USW00024233,SEATTLE TACOMA INTERNATIONAL AIRPORT WA US,20101029,49.4,11.9,55.3,43.4,4.4,4.7,5.0,5.0
GHCND:USW00024233,SEATTLE TACOMA INTERNATIONAL AIRPORT WA US,20101030,49.1,11.8,55.0,43.3,4.4,4.7,5.0,5.0
GHCND:USW00024233,SEATTLE TACOMA INTERNATIONAL AIRPORT WA US,20101031,48.9,11.7,54.8,43.1,4.5,4.6,5.0,5.1
GHCND:USW00024233,SEATTLE TACOMA INTERNATIONAL AIRPORT WA US,20101101,48.7,11.6,54.5,42.9,4.5,4.5,5.0,5.1
GHCND:USW00024233,SEATTLE TACOMA INTERNATIONAL AIRPORT WA US,20101102,48.5,11.5,54.2,42.7,4.6,4.5,5.0,5.2
GHCND:USW00024233,SEATTLE TACOMA INTERNATIONAL AIRPORT WA US,20101103,48.3,11.4,53.9,42.6,4.6,4.4,5.0,5.2
GHCND:USW00024233,SEATTLE TACOMA INTERNATIONAL AIRPORT WA US,20101104,48.0,11.3,53.7,42.4,4.7,4.4,5.0,5.3
GHCND:USW00024233,SEATTLE TACOMA INTERNATIONAL AIRPORT WA US,20101105,47.8,11.2,53.4,42.2,4.7,4.4,5.0,5.4
GHCND:USW00024233,SEATTLE TACOMA INTERNATIONAL AIRPORT WA US,20101106,47.6,11.2,53.2,42.0,4.8,4.3,5.0,5.4
GHCND:USW00024233,SEATTLE TACOMA INTERNATIONAL AIRPORT WA US,20101107,47.4,11.1,52.9,41.8,4.8,4.3,5.0,5.5
GHCND:USW00024233,SEATTLE TACOMA INTERNATIONAL AIRPORT WA US,20101108,47.1,11.1,52.7,41.6,4.9,4.3,5.0,5.6
GHCND:USW00024233,SEATTLE TACOMA INTERNATIONAL AIRPORT WA US,20101109,46.9,11.0,52.4,41.4,4.9,4.2,5.1,5.6
GHCND:USW00024233,SEATTLE TACOMA INTERNATIONAL AIRPORT WA US,20101110,46.7,11.0,52.2,41.2,5.0,4.2,5.1,5.7
GHCND:USW00024233,SEATTLE TACOMA INTERNATIONAL AIRPORT WA US,20101111,46.5,10.9,51.9,41.0,5.0,4.2,5.1,5.7
GHCND:USW00024233,SEATTLE TACOMA INTERNATIONAL AIRPORT WA US,20101112,46.2,10.9,51.7,40.8,5.0,4.1,5.1,5.8
GHCND:USW00024233,SEATTLE TACOMA INTERNATIONAL AIRPORT WA US,20101113,46.0,10.9,51.4,40.6,5.1,4.1,5.2,5.8
GHCND:USW00024233,SEATTLE TACOMA INTERNATIONAL AIRPORT WA US,20101114,45.8,10.8,51.2,40.4,5.1,4.1,5.2,5.9
GHCND:USW00024233,SEATTLE TACOMA INTERNATIONAL AIRPORT WA US,20101115,45.6,10.8,51.0,40.2,5.2,4.1,5.2,5.9
GHCND:USW00024233,SEATTLE TACOMA INTERNATIONAL AIRPORT WA US,20101116,45.3,10.8,50.7,39.9,5.2,4.0,5.2,5.9
GHCND:USW00024233,SEATTLE TACOMA INTERNATIONAL AIRPORT WA US,20101117,45.1,10.8,50.5,39.7,5.2,4.0,5.3,6.0
GHCND:USW00024233,SEATTLE TACOMA INTERNATIONAL AIRPORT WA US,20101118,44.9,10.7,50.3,39.5,5.3,4.0,5.3,6.0
GHCND:USW00024233,SEATTLE TACOMA INTERNATIONAL AIRPORT WA US,20101119,44.6,10.7,50.0,39.3,5.3,4.0,5.3,6.0
GHCND:USW00024233,SEATTLE TACOMA INTERNATIONAL AIRPORT WA US,20101120,44.4,10.7,49.8,39.1,5.3,4.0,5.3,6.0
GHCND:USW00024233,SEATTLE TACOMA INTERNATIONAL AIRPORT WA US,20101121,44.2,10.7,49.5,38.8,5.3,3.9,5.3,6.0
GHCND:USW00024233,SEATTLE TACOMA INTERNATIONAL AIRPORT WA US,20101122,44.0,10.7,49.3,38.6,5.3,3.9,5.3,6.0
GHCND:USW00024233,SEATTLE TACOMA INTERNATIONAL AIRPORT WA US,20101123,43.7,10.7,49.1,38.4,5.3,3.9,5.3,6.0
GHCND:USW00024233,SEATTLE TACOMA INTERNATIONAL AIRPORT WA US,20101124,43.5,10.7,48.9,38.2,5.4,3.9,5.4,6.0
GHCND:USW00024233,SEATTLE TACOMA INTERNATIONAL AIRPORT WA US,20101125,43.3,10.7,48.6,38.0,5.4,3.9,5.4,6.0
GHCND:USW00024233,SEATTLE TACOMA INTERNATIONAL AIRPORT WA US,20101126,43.1,10.7,48.4,37.8,5.4,3.8,5.4,6.0
GHCND:USW00024233,SEATTLE TACOMA INTERNATIONAL AIRPORT WA US,20101127,42.9,10.6,48.2,37.5,5.4,3.8,5.4,6.1
GHCND:USW00024233,SEATTLE TACOMA INTERNATIONAL AIRPORT WA US,20101128,42.7,10.6,48.0,37.3,5.4,3.8,5.4,6.1
GHCND:USW00024233,SEATTLE TACOMA INTERNATIONAL AIRPORT WA US,20101129,42.5,10.6,47.8,37.1,5.5,3.8,5.5,6.1
GHCND:USW00024233,SEATTLE TACOMA INTERNATIONAL AIRPORT WA US,20101130,42.3,10.6,47.6,37.0,5.5,3.8,5.5,6.1
GHCND:USW00024233,SEATTLE TACOMA INTERNATIONAL AIRPORT WA US,20101201,42.1,10.6,47.4,36.8,5.5,3.8,5.5,6.1
GHCND:USW00024233,SEATTLE TACOMA INTERNATIONAL AIRPORT WA US,20101202,41.9,10.6,47.2,36.6,5.5,3.7,5.5,6.1
GHCND:USW00024233,SEATTLE TACOMA INTERNATIONAL AIRPORT WA US,20101203,41.7,10.6,47.0,36.4,5.6,3.7,5.5,6.2
GHCND:USW00024233,SEATTLE TACOMA INTERNATIONAL AIRPORT WA US,20101204,41.5,10.5,46.8,36.3,5.6,3.7,5.6,6.2
GHCND:USW00024233,SEATTLE TACOMA INTERNATIONAL AIRPORT WA US,20101205,41.4,10.5,46.6,36.1,5.6,3.7,5.6,6.2
GHCND:USW00024233,SEATTLE TACOMA INTERNATIONAL AIRPORT WA US,20101206,41.2,10.5,46.4,36.0,5.6,3.7,5.6,6.2
GHCND:USW00024233,SEATTLE TACOMA INTERNATIONAL AIRPORT WA US,20101207,41.1,10.5,46.3,35.8,5.7,3.7,5.7,6.2
GHCND:USW00024233,SEATTLE TACOMA INTERNATIONAL AIRPORT WA US,20101208,40.9,10.4,46.1,35.7,5.7,3.7,5.7,6.3
GHCND:USW00024233,SEATTLE TACOMA INTERNATIONAL AIRPORT WA US,20101209,40.8,10.4,46.0,35.6,5.7,3.6,5.7,6.3
GHCND:USW00024233,SEATTLE TACOMA INTERNATIONAL AIRPORT WA US,20101210,40.7,10.4,45.9,35.5,5.7,3.6,5.7,6.3
GHCND:USW00024233,SEATTLE TACOMA INTERNATIONAL AIRPORT WA US,20101211,40.6,10.3,45.7,35.4,5.7,3.6,5.7,6.3
GHCND:USW00024233,SEATTLE TACOMA INTERNATIONAL AIRPORT WA US,20101212,40.5,10.3,45.6,35.3,5.8,3.6,5.8,6.3
GHCND:USW00024233,SEATTLE TACOMA INTERNATIONAL AIRPORT WA US,20101213,40.4,10.2,45.5,35.3,5.8,3.6,5.8,6.3
GHCND:USW00024233,SEATTLE TACOMA INTERNATIONAL AIRPORT WA US,20101214,40.3,10.2,45.4,35.2,5.8,3.6,5.8,6.3
GHCND:USW00024233,SEATTLE TACOMA INTERNATIONAL AIRPORT WA US,20101215,40.3,10.2,45.3,35.2,5.8,3.6,5.8,6.4
GHCND:USW00024233,SEATTLE TACOMA INTERNATIONAL AIRPORT WA US,20101216,40.2,10.1,45.3,35.2,5.9,3.6,5.9,6.4
GHCND:USW00024233,SEATTLE TACOMA INTERNATIONAL AIRPORT WA US,20101217,40.2,10.1,45.2,35.2,5.9,3.6,5.9,6.4
GHCND:USW00024233,SEATTLE TACOMA INTERNATIONAL AIRPORT WA US,20101218,40.2,10.0,45.2,35.1,5.9,3.6,5.9,6.5
GHCND:USW00024233,SEATTLE TACOMA INTERNATIONAL AIRPORT WA US,20101219,40.1,10.0,45.1,35.2,5.9,3.6,5.9,6.5
GHCND:USW00024233,SEATTLE TACOMA INTERNATIONAL AIRPORT WA US,20101220,40.1,9.9,45.1,35.2,6.0,3.6,6.0,6.5
GHCND:USW00024233,SEATTLE TACOMA INTERNATIONAL AIRPORT WA US,20101221,40.1,9.9,45.1,35.2,6.0,3.6,6.0,6.5
GHCND:USW00024233,SEATTLE TACOMA INTERNATIONAL AIRPORT WA US,20101222,40.2,9.9,45.1,35.2,6.0,3.6,6.0,6.6
GHCND:USW00024233,SEATTLE TACOMA INTERNATIONAL AIRPORT WA US,20101223,40.2,9.8,45.1,35.3,6.1,3.6,6.1,6.6
GHCND:USW00024233,SEATTLE TACOMA INTERNATIONAL AIRPORT WA US,20101224,40.2,9.8,45.1,35.3,6.1,3.6,6.1,6.6
GHCND:USW00024233,SEATTLE TACOMA INTERNATIONAL AIRPORT WA US,20101225,40.3,9.7,45.1,35.4,6.1,3.6,6.1,6.6
GHCND:USW00024233,SEATTLE TACOMA INTERNATIONAL AIRPORT WA US,20101226,40.3,9.7,45.2,35.5,6.1,3.6,6.1,6.7
GHCND:USW00024233,SEATTLE TACOMA INTERNATIONAL AIRPORT WA US,20101227,40.4,9.7,45.2,35.5,6.2,3.7,6.2,6.7
GHCND:USW00024233,SEATTLE TACOMA INTERNATIONAL AIRPORT WA US,20101228,40.5,9.7,45.3,35.6,6.2,3.7,6.2,6.7
GHCND:USW00024233,SEATTLE TACOMA INTERNATIONAL AIRPORT WA US,20101229,40.5,9.6,45.3,35.7,6.2,3.7,6.2,6.7
GHCND:USW00024233,SEATTLE TACOMA INTERNATIONAL AIRPORT WA US,20101230,40.6,9.6,45.4,35.8,6.1,3.7,6.2,6.7
GHCND:USW00024233,SEATTLE TACOMA INTERNATIONAL AIRPORT WA US,20101231,40.7,9.6,45.5,35.9,6.1,3.8,6.1,6.7
